DonorID,UserID,FullName,CNIC,BloodType,DateOfBirth,ContactNo,LastDonationDate
1,82,Ellyn Dalley,66073-2983604-6,AB-,2000-01-23,0392-3586430,2022-06-12
2,19,Rance Norridge,78897-1594423-8,O+,1982-06-20,0572-8317894,2022-07-04
3,65,Clemmy Acum,94384-2204964-1,A+,1977-01-29,0726-7401636,2023-09-27
4,80,Georges Danzey,58387-2419246-6,A+,1976-11-03,0926-1495453,2022-09-08
5,43,Marena Dodgson,88008-5811247-4,O-,1981-02-23,0369-3790187,2025-11-25
6,38,Georges Luckie,62557-3257894-6,AB-,1972-10-27,0707-1943413,2022-10-08
7,63,Ivan Cotmore,23042-4387328-4,O+,1985-03-08,0163-1838517,2022-01-26
8,63,Lynnett Hatherleigh,96838-5761354-6,B-,1984-03-04,0325-3851123,2023-10-14
9,97,Gwendolin Hardwell,18402-1837963-5,B-,1998-09-17,0152-4044253,2024-05-11
10,9,Anton Polly,72299-8216308-9,O-,1990-06-26,0245-8044685,2022-04-06
11,69,Judith Cuddon,81503-3502858-8,O+,1979-07-03,0911-7664441,2023-01-27
12,91,Melvin Siegertsz,92022-6545776-9,B+,1975-05-17,0165-2020208,2024-10-03
13,28,Gunther Gilhespy,59228-5544192-4,A+,1990-11-27,0571-2704124,2024-10-29
14,67,Jo Radeliffe,41081-5751302-4,A-,1992-10-12,0681-2369334,2025-10-19
15,16,Thorvald Jarley,37557-7117490-2,A-,1982-04-26,0130-7624280,2024-04-21
16,54,Arch Ikin,44735-2827488-3,A+,1989-07-19,0432-6642781,2024-05-08
17,8,Priscella Jacobsz,74936-9650472-5,A+,1982-09-09,0798-6664722,2022-05-31
18,9,Maurice O'Brian,23150-6456366-9,A+,1988-02-11,0171-9478335,2025-12-16
19,3,Sukey Gilbey,89597-2428080-8,O+,1980-06-19,0971-9114883,2024-10-12
20,15,Elvis Filisov,99629-3460414-4,O-,2000-02-29,0405-7462710,2022-05-13
21,42,Ali Planke,72877-9256823-6,B+,1983-04-15,0886-2712992,2022-07-22
22,90,Cherye Lincoln,19805-4746399-6,A+,1971-03-22,0119-2106371,2024-10-07
23,45,Lucretia Sydenham,27543-1484436-6,A+,1973-04-19,0554-7164870,2022-05-16
24,93,Blake Kingscote,37623-3656278-8,O+,2003-01-06,0174-9503716,2023-10-31
25,57,Denny Klimentyonok,67755-1216841-0,O+,1980-07-03,0740-2570923,2022-10-16
26,76,Cordula Gonnard,49119-6285790-7,B-,1983-08-15,0877-3012557,2025-04-17
27,90,Art Gabbitis,14209-5413359-9,A-,1980-09-09,0730-3995376,2025-10-11
28,43,Merissa Danielot,74716-6656504-5,B-,1972-08-04,0228-3698088,2023-10-13
29,9,Ladonna Alliband,65325-2200404-7,O+,1974-02-08,0449-1740957,2025-03-17
30,39,Ethan Marriage,24835-3221816-7,O-,1992-11-14,0125-5031428,2024-02-09
31,18,Reinwald Athey,26464-7346288-4,A-,1985-01-26,0586-7484953,2024-04-16
32,65,Natividad McKechnie,71420-7744346-9,A+,1998-12-18,0823-7358651,2025-06-16
33,77,Perri Chang,59291-2837007-7,A+,1970-08-23,0503-3645812,2023-07-12
34,87,Con Briat,41482-7396929-5,A+,1990-07-21,0124-1695631,2023-05-01
35,72,Neddie Thurbon,89473-3152263-4,AB-,1997-10-30,0702-9498699,2022-09-08
36,82,Ellis Rosenberg,86786-1348697-6,A-,1980-01-19,0209-6343218,2023-09-20
37,53,Mada Ipsly,35418-4182359-5,O+,1986-10-08,0964-1263161,2025-01-25
38,34,Angeli Whall,39798-7257156-4,A+,1996-12-30,0531-8358419,2022-05-28
39,57,Piper Grigorian,12694-7322323-5,O-,1970-03-31,0367-4149116,2025-01-20
40,83,Daron Eacott,34431-1266196-1,O+,1988-05-28,0616-5951657,2025-06-20
41,30,Laughton Lackinton,61145-1373380-2,A+,1990-11-21,0919-3444498,2022-03-16
42,50,Leslie O'Keevan,58281-3593975-3,O+,1994-07-14,0149-4865700,2022-10-29
43,47,Yehudi Dooland,45216-9509468-6,O-,1987-01-01,0540-9523491,2022-03-18
44,82,Stefan Ricciardo,50725-1255062-0,A-,2002-07-22,0862-8705160,2022-04-04
45,39,Rafaela Docwra,99208-2276121-9,B-,1996-06-02,0291-8691374,2023-12-02
46,25,Vivianna Klaus,63650-5944009-0,O-,1984-02-29,0772-6447671,2024-12-25
47,16,Quintilla Vaskin,75025-1090045-8,O+,1980-06-23,0855-2163420,2025-05-09
48,45,Gracie Redier,80687-4290943-3,A-,1978-05-25,0190-6490033,2022-02-18
49,51,Quincy Shellshear,42524-2105954-9,AB+,1987-07-31,0175-6763426,2025-11-19
50,32,Ewart Waind,57731-5522727-4,A-,1978-02-22,0424-5766632,2025-10-31
51,94,Keir Sears,60712-6307720-2,O-,1992-07-18,0917-9639242,2024-01-17
52,64,Rutter Gilhouley,75563-2476131-1,O-,1981-07-30,0421-2203502,2024-10-15
53,9,Bruce Gaynsford,95830-7181740-9,B+,1991-05-08,0869-4709849,2023-10-24
54,18,Cassie Dowley,96109-5863798-9,B+,1974-03-08,0641-9361738,2022-08-23
55,23,Juliette Butten,44691-6851767-6,AB-,1986-08-18,0222-6932949,2023-07-04
56,39,Devi Budden,82480-5151032-1,B-,2003-02-11,0238-9351455,2025-01-22
57,18,Avivah Ales0,11258-3263745-7,A-,1973-04-03,0400-3040847,2025-08-21
58,5,Erna McCready,21006-5175302-0,B+,2002-05-10,0601-7910094,2024-01-29
59,87,Andie Van Der Weedenburg,94359-4451222-7,O+,2000-03-17,0802-7277723,2023-07-16
60,85,Fae Gillani,42433-7000863-0,B+,1980-08-29,0547-6370669,2022-09-23
61,94,Fremont Shuker,16550-6567199-1,AB-,1975-07-04,0621-6329654,2022-08-20
62,47,Julieta Ecclesall,17104-7798066-7,AB-,1978-09-10,0464-5192382,2022-04-14
63,78,Gaby Gostridge,27946-2163038-9,O+,2000-08-11,0771-5730915,2023-05-30
64,29,Davin Arnison,57704-2304009-6,A+,1991-11-13,0445-2002919,2022-11-26
65,22,Cori Sandey,41703-2462549-2,O+,1981-12-25,0659-6630361,2023-07-11
66,82,Immanuel MacGorrie,78522-8063237-7,O-,1974-01-14,0100-3751448,2022-04-21
67,12,Frannie Malinson,19965-6822987-1,AB+,1982-10-28,0900-8692380,2024-07-15
68,91,Geoffrey Youle,70384-7756654-9,A-,1985-06-20,0101-7781261,2024-03-22
69,87,Mildrid Foyle,13532-8747869-9,A+,1972-04-23,0633-1289838,2024-08-05
70,20,Cookie Chiommienti,33087-8466573-6,O-,2001-02-11,0749-8410192,2022-03-19
71,21,Heddi Hoodless,43731-3258412-5,O-,1998-06-13,0990-1554423,2024-01-20
72,69,Daveen Menichino,70102-5472782-0,O-,1998-05-14,0585-6863900,2024-02-18
73,89,Albert Bathow,16919-7018002-6,B+,1978-04-15,0479-4822147,2022-11-03
74,12,Charity Orro,28357-2710297-5,A+,2000-02-22,0185-9527248,2023-05-23
75,90,Ardella Jeskin,87164-8058021-7,B-,1989-03-13,0984-7365879,2022-06-01
76,52,Giulio Byneth,85231-6732978-3,A-,1980-10-15,0882-9853273,2024-07-09
77,20,Valry Sissons,22357-4449598-1,A+,2000-05-14,0893-9289987,2023-01-27
78,79,Margarette Duffit,32245-9688304-2,A+,1976-05-24,0468-4064111,2025-12-28
79,96,Joane Middler,71572-7845385-5,B-,1970-02-06,0247-9364371,2023-05-20
80,26,Fidelity Riggulsford,88874-9995611-0,A+,1987-01-10,0742-1129765,2025-01-09
81,62,Celinda Pilger,48493-4259484-5,A+,1984-03-18,0207-7027581,2025-12-18
82,45,Andris Ferbrache,74781-5376251-7,AB+,1999-04-20,0984-9531002,2023-05-04
83,78,Anthia Mordin,12468-4337947-8,O-,1993-01-25,0493-8824111,2025-11-17
84,7,Porty Bunson,40577-6408692-7,B+,1998-03-26,0888-7166398,2024-08-18
85,85,Angele Axel,59722-6435379-7,O+,1976-04-21,0919-6194428,2023-09-26
86,49,Clair Eble,96472-7581674-6,AB+,1996-07-06,0899-1503757,2022-06-17
87,50,Cassondra Judge,69267-2755296-2,B-,1972-03-06,0137-7757912,2022-12-28
88,32,Crystal Flasby,96791-7530303-7,AB+,2002-04-04,0806-1214038,2024-04-24
89,95,Winnah Comini,70480-2721314-3,B+,1980-01-12,0493-2881289,2023-05-21
90,33,Dall Brunke,49555-3724462-2,AB+,1992-06-17,0470-9090142,2025-04-14
91,48,Berthe Ourry,96419-7414198-7,AB-,1971-05-13,0721-1333370,2023-11-20
92,92,Lorry Full,52045-9509235-8,O-,1979-05-09,0796-4247884,2023-02-18
93,47,Melinda Sweett,93015-2781986-6,AB+,1990-02-13,0233-2246556,2022-02-06
94,5,Anabella O'Regan,36560-2201897-6,AB-,1983-04-03,0111-7097980,2022-01-14
95,87,Buddie Lawden,22374-6446365-6,AB-,1973-03-31,0869-8228289,2024-09-15
96,71,Andre Dolton,57587-4660705-6,O-,1981-08-27,0825-3255802,2025-11-15
97,83,Burty Finby,94567-6305142-8,B+,2000-08-01,0559-8263020,2022-06-17
98,83,Alex McKane,84915-3252358-2,AB+,1994-05-20,0643-6507679,2024-11-24
99,81,Merla Cereceres,85528-2711876-8,B-,1980-01-30,0343-8859083,2022-07-27
100,44,Doe Linn,57276-7607332-7,AB+,2002-06-09,0850-4095281,2025-07-02
