UserID,Email,PasswordHash,Role,CreatedAT
1,rossulton0@is.gd,bd06b81a56d256d8f5dd87ac8e612d4d570a1fc923888132c3e37d725aaf5fc7,HospitalAdmin,2023-08-09
2,cmcmahon1@vkontakte.ru,e93cdcb8edaaace91625e57ec8763077ea5cbdd680d7a45c07df3c749a9077f4,Donor,2023-06-06
3,fquirk2@mashable.com,679d94957cd55733e7e95fdde83c66ffbd09e057648fc95b97d5471851fb220a,BankAdmin,2024-09-29
4,jabbes3@tamu.edu,6b0ce0648abf14fcb630cdb39fe8a77f63f24780fb104630fab888bce17f7ee6,Donor,2024-08-29
5,jsidebottom4@de.vu,c5d607416338b9c3d07ec6838b93fadd2fe6c065672ba5262bad5314967e2201,HospitalAdmin,2023-01-14
6,dpulster5@businesswire.com,4cf41f12ed21e9b77afb46d713a0f6a8bea6368ff14a6c06d8fcd2325909152f,Donor,2023-05-08
7,odiggles6@nymag.com,1e5dc93a0ed0487619fc69b00dbcf915958ca14bd491d30b986ba358d3ba2c09,HospitalAdmin,2023-05-14
8,edongall7@ebay.co.uk,7d626d332becc33776e7ec9c2d93bb0a218062d9be22c8e3855ad8f411d3f233,Donor,2025-03-05
9,ameakin8@i2i.jp,edc512a43f5388bfa4351a4e335bdf35fe2c6054f6616327a10bb11fcaa6989c,BankAdmin,2025-05-28
10,amathevon9@usa.gov,e01db568f20019e9de517f78239611124334a15b8451708e884179f4c447f9db,Donor,2024-04-17
11,ibigginsa@alexa.com,d60b2e60138eadfda838be305bb077c9ee843e58136fbc56cb66ce18b2bef294,BankAdmin,2024-04-14
12,eelfordb@dagondesign.com,5f7382f1fac914842134f629395312f9b53ef9c4fd6d31d2ec458b3e584bc931,Donor,2024-06-02
13,awrittlec@t-online.de,8040dc5ec1bfbe0d03e7112440f855e6a181be46a02ac7dabdce298344418919,HospitalAdmin,2024-05-01
14,bbrehatd@nhs.uk,d8d37d20168c457e0b28c2c075274c8c455f131655a8e8f66cf9bffe0e87edb2,HospitalAdmin,2024-07-02
15,bvondruskae@feedburner.com,f67c29c1402591b420f21aacaf5bd4c8b76a9b6acfe0c76a431785ebe5f06b9e,BankAdmin,2023-09-15
16,ldrakersf@51.la,7e84693d4f4ab05647570443fa7dada697a187eb29712cfeaaa119788614e69c,Donor,2024-10-17
17,jorteltg@live.com,7e67fc81858d3cc2922d4aa827ef1a4fba4694232a0f14ebc07d573afc7698e8,HospitalAdmin,2023-04-19
18,jtaschh@unicef.org,f1fb0ac88f100865833737c445a5410c601ed24fd43f686796cf7dcabe97afb1,Donor,2024-04-06
19,vhaggertyi@washington.edu,dcb88900fd425d39941a90f3b47f6829c2dfabc83dca34707fbce5d51d5f02f1,HospitalAdmin,2023-03-31
20,rhartinj@hatena.ne.jp,60d15340c4fa28e3d40920734a40d019e7db87a1fc67453f7b23bd8208a523e1,HospitalAdmin,2023-11-11
21,obernardink@toplist.cz,5323faa235b6a92ce6f5edce848c523fe6d541fdca6dca3b2f69f518d1736af9,Donor,2023-11-08
22,apettisalll@blogtalkradio.com,fb2d76b48e28be480dd641599031b05ada8b73bff60acc2e223c4921c4c2f079,Donor,2023-11-01
23,acoopem@netvibes.com,4950cf9b55f89224ff141b1113ec767f8cbcfeca394f0f210120ffb5307469e2,Donor,2023-08-25
24,fbenglen@youtube.com,60c95305ce580679dbee5ee70a164d7362099b67e957fde5c6a2ca49963b24f5,Donor,2024-05-26
25,bdunstono@yelp.com,ef053869720ca1fe7120687e200be9264e2f094fad306e6ae23972d401ac0b5a,Donor,2025-08-12
26,bslymanp@ibm.com,3ee3eacae085cab9f769285c2af210f6d9c372bab1b2ed9d221d49a66f8e5765,HospitalAdmin,2024-01-28
27,qfardoeq@fema.gov,41f8a7d23cd91a14ce2c4d24cd6c6265b25440a78d62bdd069e7135e8e0898b8,HospitalAdmin,2025-04-01
28,bariesr@geocities.com,011513a830a3472f2aeeaf7869a0cebf4534b2a64c6c3a86e3e52b46e09a7b12,HospitalAdmin,2023-02-14
29,renticknaps@php.net,9365a399bfda7b70ffa91b7fa88ee8f96012ff26af76223fbb4dd4a8a83592c8,HospitalAdmin,2025-02-25
30,fbromiget@ucsd.edu,0aae9862a0abcbcbb55169f1e3621145ab65d9f05aa0b06b1d26a45b049e7f62,BankAdmin,2024-12-23
31,varbuckleu@github.io,c67d53a75852f8db37322e57919a8835ca80f1a192288660e4bb65f5b12fff89,Donor,2023-07-27
32,taldrickv@is.gd,d7a4218057bb14a9a8a36dbdc14b2a8b2b787de398aca91188b1832b6424dddf,HospitalAdmin,2023-03-07
33,nlotew@infoseek.co.jp,840af8037f192195a6031d9ce22e809c3868231e59f83f3fc98bbe8bb6cb858b,Donor,2023-12-10
34,jshinnx@networkadvertising.org,1471059e5f503e4d364a238e61c998118f20e291619c3415e05e8b2e6816c5a1,BankAdmin,2024-11-25
35,amellony@unc.edu,cbcf8e25e3a6110e3b83df82fa159a8d9cdc0be83805a1b46766300faa8d1bea,Donor,2023-10-23
36,smcguiganz@sun.com,a1918a95903545933bf750bafef8ddabee7ff58afcccf3a0262ebdf064feada6,HospitalAdmin,2023-09-11
37,lgoligly10@123-reg.co.uk,38628215cfc6563488a1106d3fc04ed9455ddeef6e4570203a16fea571776dbf,Donor,2024-10-24
38,eblacklidge11@indiegogo.com,01c731509bbab0862c3db809a3629d4adcc963ebf9140366cc708d4640df596c,Donor,2024-08-22
39,mboame12@mlb.com,08f910fb97523a931fd461272d6a878de46a79db408bcdc940bd9fa5e77c0888,Donor,2024-08-01
40,vburcombe13@jiathis.com,fadc1020b4455e99152aea55c9d6966c8e5c0e8f2b11833dc8f8301c0a6e7ff1,Donor,2023-02-10
41,rmorffew14@google.co.uk,9e833fc1c0019bb5a9cec89bda79c7ed5db6d28e72214d8aa20ad2e0a72c97c6,Donor,2025-09-09
42,kbooker15@cam.ac.uk,7ef00480e711292080650ec98429d55bcd8b4e7bf01653dff3c9ac604f8c6467,Donor,2025-09-06
43,cwoollin16@e-recht24.de,da600decfdab57228f3251eb80730574a8b41479bb275a9c6269019e6cfda1e8,HospitalAdmin,2025-04-06
44,dmankor17@google.pl,5b75e9866800b1affcd1a8c7c4ac565f2e711ef70ecde1b93eecd0b3e0b23be6,Donor,2024-11-22
45,mspellessy18@live.com,da1df93e09ac0b74ca12651b5eee61e219517fa399481cb9db067fa3ce65012f,BankAdmin,2023-09-25
46,jboullen19@cam.ac.uk,152f151ac9d0cc067331886b90de4aeb42f1e7f2c56ee1fa7e036c93196c2c4a,BankAdmin,2023-07-27
47,nscrimgeour1a@ca.gov,1d927df5955fa99abf7b8e9dc160d3d6023710e65c87331a2de5ca9f683117c4,HospitalAdmin,2023-03-12
48,jcaple1b@bravesites.com,8fa17e267d1a4ee2f09a94a38645f8067119de03bcdbb33a12e5198b1dce9d2f,BankAdmin,2023-02-03
49,jaishford1c@instagram.com,624479869a801fdec0ec8c0a5d8141fc9eed96b3cc843d414a898f4343b2db6d,BankAdmin,2024-05-20
50,ereimer1d@adobe.com,154a2593119eb485ee7d33f699ac445e57a919ff23269b26403594b1df4499ed,Donor,2023-04-18
51,hcordrey1e@earthlink.net,768f05d4d0b2a882068d31848c30a2f1bf6ca434b8f0ea291273456e4fd1e89f,Donor,2025-01-22
52,icharlson1f@ucoz.ru,4260049021cb3e2fc84dd5f9d90077aa0eb253c294b49c8a19b6bc0175e998bc,HospitalAdmin,2023-02-27
53,dspellicy1g@yahoo.com,b13d7deb0a27c5b330bc95d903377a8436aae7c1a6298e14c9a92da05bb9d5a9,BankAdmin,2024-04-24
54,kyitzovitz1h@whitehouse.gov,06b96b5196bfa9f8f70dc8bfc12927b361d6c4130d2a9c5dcddb15dce8e660d0,HospitalAdmin,2024-09-21
55,dthiem1i@parallels.com,4336d1d8c945cbecfd930837b9a34954292590d1ba63ed4df8b1ac329015c011,Donor,2024-01-24
56,lverrills1j@t.co,65e87223f3a212934bfd125d6e9c8403928f9a584059e41efe3ced9c0f5b489d,HospitalAdmin,2025-10-17
57,oheal1k@diigo.com,9ca11d6e3acc568cc050c2996f67836ead2b53e76456f22bc10fa93e0137391a,HospitalAdmin,2024-05-09
58,mmckay1l@so-net.ne.jp,1c4decd1771ebcc57a6abcb5e330f3792745b80ef67b0a1bdcc51fae8f97d10d,Donor,2023-12-14
59,tdonaho1m@dailymail.co.uk,fb2a3e0e88f6a47a85b60217749589b0f548a11739c0e0acc776746ee88ca6f5,Donor,2023-12-22
60,mmewrcik1n@ucoz.com,f40b58c1b789e60a127a3b795a7703ec8451d9ccb6664b6d9ff57d2c1b2ed607,HospitalAdmin,2023-12-20
61,dcoumbe1o@stumbleupon.com,856a573c5678117f652eee197a4f54c57df37cd57d857b7e0c30cb8912f5b828,BankAdmin,2024-11-19
62,ayeld1p@hc360.com,2e3e39f476ed7e8c60ca5d3cff16972ce92e5a0586cd4fefe6820c1777261d00,BankAdmin,2024-08-06
63,fantognozzii1q@wikia.com,6230a553cdc521c08b555ec2ccdda4daad20572659f5ea0424de6abda957ca17,BankAdmin,2024-12-06
64,pciccarello1r@seattletimes.com,fd35068564a4f63244f023e2e9c6846e8b889b1cef77d4ffdb5a9699a6fa6991,BankAdmin,2024-02-11
65,dcunnell1s@hugedomains.com,ee16c8c9eff7bdebb9ffbd046241732d8be040b28b80caea8cd5096ef7e1aaa8,HospitalAdmin,2025-02-11
66,tpeaker1t@auda.org.au,3efa9c40054d83f8a2bad75f6483b1c6e5e26db4d0ef2dc13f6464735bc63ba2,Donor,2025-07-07
67,cingleton1u@samsung.com,f1a1bdd779b6c6dca8d07a79d27d03c460c91a4f527b5ca9e94d04ac97fe4e8c,HospitalAdmin,2025-04-05
68,dsamworth1v@geocities.com,d79e524969e87a91db102eeed48998a131bb7f69eaf3a7965b0535dfda69da90,HospitalAdmin,2023-09-28
69,csnartt1w@ed.gov,8bc02ade8e48df5549e2cdf84dc01d03adec81ad21e24ceea374cc062e5560dc,HospitalAdmin,2024-07-28
70,yavrahamy1x@europa.eu,230fa6634f5737df886203d2093dfb3d5826f177badc912b7e8cdf4292f83fb5,Donor,2024-04-26
71,lwombwell1y@cbc.ca,22299498bbe522b36d0b2679589695bd115de3d33d42fdc8ab03b4910460792d,BankAdmin,2025-05-22
72,mmingard1z@wired.com,6f3be325f975a8cd84e1cb725924565311cbc062c064dad8a9b0904410ec997e,Donor,2024-12-03
73,mhusband20@hao123.com,de84a42c3f022603ef96ff0828a77a85c71212f0f1b48d426f8401930c18ad9d,BankAdmin,2025-05-01
74,ltirone21@ed.gov,e7251fde5edec28c029f66074771901afce4e8a25d9a8d18ed614bc04be3a4af,BankAdmin,2025-09-16
75,vsaull22@photobucket.com,301f7e208a10713ddec40e676c713db28984a1eea3cbfba98f58fed6bb0bc18b,Donor,2024-02-12
76,lhalvosen23@omniture.com,a7eac1a42fef1c8e19ffaa3d4a8e3e88526ff2432f74a2bf9e6565790bb65ff6,Donor,2025-06-24
77,emussalli24@eventbrite.com,6ae7edb728230fb197bd465550ceb144be846169820ada272c3367099522dee8,HospitalAdmin,2023-04-22
78,ysuddick25@canalblog.com,73e373d46238c27783834512c87a3cff0a22b11124b3fc289314f7ebb36130f2,BankAdmin,2023-04-23
79,rbruntje26@dion.ne.jp,bd37701174c1951cf5923ee8076162515009de77d4b5f4dd65f735cb84fecc6b,BankAdmin,2025-11-12
80,eguesford27@netlog.com,9a960350fa8907700dfbe8500ec4abf51375f71c90c7582dd22681b813944f61,BankAdmin,2024-10-24
81,sheskin28@go.com,0b4370c958d59bd6ba4e2d27c4b851cb00b5db209acfb434bdac8b69073ff149,Donor,2023-07-30
82,rsell29@howstuffworks.com,38cf3ad72ef05f1af63f8355d8dcd751509bb980f9205d76bd523fb3b706110a,BankAdmin,2024-11-19
83,dscholl2a@nydailynews.com,c2e53b84e4c0b9af38f8a01eb6600e9d8471b4418ac3be3a2c32b45fbbad2eeb,BankAdmin,2025-11-16
84,cdore2b@sbwire.com,8dcd2954ad38314126107047333cb38f96019f1d64e55eb84efb470dc3e9ec53,HospitalAdmin,2025-07-03
85,rheggison2c@netlog.com,93bdc1f8d995826e713552147619ee14db86208fff2b4e5f56d4bb6fc994e905,Donor,2023-11-16
86,lhixley2d@bing.com,47d7751a96ecb3c8354122cdfca81683237640338d583321d948b3b4ff47521a,Donor,2023-10-29
87,ncharnock2e@wikispaces.com,a354638015a6c7e515957170aa74cf737c36f5f1684fc248874e3b45f0f712ae,BankAdmin,2023-05-19
88,kbinestead2f@privacy.gov.au,4730577720fa48b141a1557c5eee5883a8cb8c03054a35b8ab590e4e7d374fc7,Donor,2025-12-01
89,hboydle2g@slashdot.org,d02258c15be115f4284abfad62dd65ee3c2fa77cc89d21d1ca0ca8ce2be53472,HospitalAdmin,2024-08-04
90,mroth2h@simplemachines.org,0280571d06a7487bd05f927c731989f49a3c765f63237a587fb1b839ec4df3e8,Donor,2024-08-02
91,asute2i@skyrock.com,ca058998d8a6fa93d93415ca0d5e4ac12ece7121b68435b6c37c0d00993a78a1,BankAdmin,2023-12-13
92,kdunbar2j@cam.ac.uk,8e1edf3db45d26b84a5972cc6fe0e3f60bde4299f80cbe2832577da83a7ed38d,Donor,2025-02-09
93,bpettegree2k@redcross.org,82d0f66d29724324d927a0e4b481dba1055a92119b827c2732809c51463a9ea2,Donor,2025-05-18
94,ssparshutt2l@squarespace.com,432b91e5fc35a639243deb5e61d063c420e51fd07a78ba039ab90a5de6780514,BankAdmin,2023-02-11
95,ccayle2m@yandex.ru,b20631be99cd67d107d5e04c971c95347abf2c705bb2bad687cc16f3ce8b1130,Donor,2023-11-29
96,pbolf2n@blogs.com,6997eb7001df65ff39a02b62099f58d92c6272339b22e02d0c992f2c07551cd1,BankAdmin,2023-12-17
97,ccutsforth2o@cargocollective.com,e25a54a5076b2e32a6d3a27189abd417e62ee1d3a3f8ac7d0e0f35731482de14,Donor,2024-08-25
98,slinfield2p@opensource.org,b54fa23ccefa9ab5d773190ca712bd4cb54268b589ce2e14a1352a048c5db2a2,BankAdmin,2024-04-11
99,mjustice2q@apple.com,a607353bfbfc39c2988848eb2f232fc15252d3778155c06ad63cda2513faccc4,BankAdmin,2024-08-30
100,vsweeny2r@who.int,cf0e404be86d941d7c3e626e65e3d7a8cc5096350cf12e5ea422c263bca6aa23,BankAdmin,2025-09-02
